Country,Access to electricity (% of population),"Birth rate, crude (per 1,000 people)",Domestic private health expenditure (% of current health expenditure),"Educational attainment, at least completed lower secondary, population 25+, female (%) (cumulative)",Expense (% of GDP),"Fertility rate, total (births per woman)",Fixed broadband subscriptions (per 100 people),GDP (current US$),GDP per capita (current US$),Government Effectiveness: Estimate,Gross national expenditure (% of GDP),Gross savings (% of GDP),Human capital index (HCI) (scale 0-1),"Intentional homicides (per 100,000 people)","Labor force participation rate, total (% of total population ages 15-64) (modeled ILO estimate)","Life expectancy at birth, total (years)","Literacy rate, adult total (% of people ages 15 and above)",Military expenditure (current USD),Mobile cellular subscriptions (per 100 people),Net migration,Population ages 65 and above (% of total population),Proportion of seats held by women in national parliaments (%),Refugee population by country or territory of asylum,"Total alcohol consumption per capita (liters of pure alcohol, projected estimates, 15+ years of age)",Total reserves minus gold (current US$),Unemployment with basic education (% of total labor force with basic education),Urban population (% of total population)
Afghanistan,97.7,36.051,76.23153687,7.339715004,,4.75,0.0680079,19955929052,510.7870634,-1.611539483,125.9125668,-2.737769441,0.400284141,6.594439084,42.596,62.575,,279576954.9,58.1902139,143634,2.370733824,27.01612903,72278,0.011,8419488004,11.103,26.026
Albania,100,10.285,59.47789383,,24.60481616,1.4,17.7209,15241458745,5370.778623,-0.155121222,114.439197,17.65721449,0.634250939,2.127772012,67.153,76.989,,196596309,91.35050062,-16680,14.76700441,29.50819672,105,4.47,4647187149,9.346,62.112
Algeria,99.7,22.431,38.9657402,,,2.942,8.60645,1.65E+11,3743.541952,-0.573643208,109.3193543,33.33708651,0.534556448,1.505120655,42.922,74.453,,9708277440,104.842178,-10798,5.894088907,25.75757576,97651,0.54,48882051110,,73.733
American Samoa,,12.7,,,,,,721000000,14489.25866,0.632649243,,,,,,,,,,-653,6.36536278,,,,,,87.153
Andorra,100,,27.38309097,,,,48.656,2891001149,37361.09007,1.749241352,,,,2.574002574,,,,,103.4491634,572,14.2168519,46.42857143,,9.68,,,87.916
Angola,47,39.271,41.67828369,,,5.371,0.363264,48501561204,1449.922867,-1.257484555,89.31294745,28.06598155,0.36240539,,75.686,62.261,,993594404.6,43.81009059,7556,2.725608767,30,25791,4.13,13781988140,,66.825
Antigua and Barbuda,100,12.16,37.58075714,,,1.569,8.71023,1410796296,15360.45442,-0.204794809,,,0.5957039,9.712509713,,78.841,,,198.5668652,0,9.863249352,11.11111111,,6.66,221808945.9,,24.433
Argentina,100,14.125,35.73628998,,25.84053076,1.911,21.1798,3.86E+11,8535.59938,-0.254261822,96.99286993,15.01213532,0.602144718,5.366813844,63.716,75.892,,2830929705,121.6001889,292,11.79343399,40.85603113,3965,8.05,35649970286,14.823,92.111
Armenia,100,12.455,79.64,96,26.58128778,1.575,14.8884,12641698583,4268.680933,-0.304547429,109.9588337,15.65573239,0.578998804,1.85343037,72.624,72.173,100,633960400.1,124.3508359,-13046,12.34328153,23.48484848,107910,4.28,2615530571,7.806,63.313
Aruba,100,8.102,,,,1.325,17.6909,2481857123,22855.93232,1.074959755,118.1520584,1.355998493,,,,75.723,97.98999786,,132.2887836,0,14.57674778,,,,1023468720,,43.697
Australia,100,11.5,26.31917,94.58000183,30.25519475,1.581,35.3468,1.33E+12,51791.54018,1.573353291,96.61102821,23.44666015,0.770239532,0.860925459,77.886,83.2,,27300894701,105.231579,44447,16.33872028,30.46357616,57411,10.29,39151995865,10.905,86.241
Austria,100,9.4,23.26,98.72141266,50.62958925,1.44,29.2106,4.34E+11,48716.40989,1.605863214,96.55271531,29.29707518,0.746739745,0.729699453,76.493,81.19268293,,3840077511,120.3155961,39601,19.16978884,39.3442623,141816,11.51,13415880225,11.533,58.748
Azerbaijan,100,12.5,59.95,,33.93147657,1.7,19.5986,42693000000,4229.910649,-0.155263707,100.7707559,23.56898183,0.577767551,2.236277062,73.286,66.868,,2237764706,100.577047,1073,6.883368543,17.3553719,1572,2.49,7775084753,15.51,56.397
"Bahamas, The",100,11.49,38.95568085,,26.89225786,1.394,20.9668,9958200000,25155.67254,0.405258924,108.092828,9.458804681,,17.95943873,75.997,72.677,,,114.6450432,0,10.97641226,12.82051282,15,3.65,2382077961,,83.245
Bahrain,100,12.621,37.03927231,79.90000153,26.10851218,1.832,10.1824,35837632979,24342.84446,0.390440106,94.55226179,28.24173745,0.652472019,0,71.556,79.174,,1404787234,119.86485,-5048,3.278892465,15,256,1.25,2239408657,,89.506
Bangladesh,96.2,18.053,76.54676056,,8.148320246,2.003,6.04506,3.74E+11,2248.850788,-0.779491305,104.2303389,37.18886621,0.464036435,,62.238,71.968,75,4651183348,105.2911628,-1002522,5.83513578,20.91690544,866534,0.092,42322360139,,38.177
Barbados,100,10.859,49.8569603,,,1.628,45.4387,5168344450,18347.11091,0.443785101,,,,14.60670555,75.29,77.393,,,105.0970277,0,14.77096039,20,,8.22,1358013876,,31.191
Belarus,100,9.47,28.82,,29.92813968,1.474,34.8152,61371755326,6542.86454,-0.82965821,96.65511184,27.46986029,0.700078189,,78.521,72.45721951,,861053278.7,121.490553,-33954,15.73378581,40,2900,11.63,4426887098,11.043,79.483
Belgium,100,9.9,22.0959034,88.12356567,43.6566053,1.55,41.024,5.30E+11,45906.28758,1.078235269,98.55638016,24.46736247,0.760419667,,68.558,80.69512195,,5317451271,99.72332827,43777,19.22402019,41.33333333,64973,9.43,19470395465,11.62,98.079
Belize,96.8,17.881,26.50695992,54.49000168,,1.999,9.21159,2042850000,5227.193638,-0.603579581,98.78356218,22.69502622,,25.8279831,66.886,72.854,,26025325,66.84898207,64,4.485538425,9.677419355,29,3.67,348090076,32.846,46.025
Benin,41,37.114,58.76353073,,,5.048,0.229385,15651545209,1197.501364,-0.29091385,105.0882925,21.58078176,0.400290728,,75.735,60.088,,71817818.48,88.11818884,1729,3.039964518,7.228915663,1396,8.83,,,48.415
Bermuda,100,8.4,,,,1.4,35.7243,6887147000,106973.1757,1.470093369,72.70968661,39.27455749,,10.93229008,,81.136,,,106.2002186,286,18.82280762,,,,,,100
Bhutan,100,12.65,16.85573578,,24.07615739,1.433,0.414153,2457604334,3191.66907,0.305567265,115.69908,24.44243673,0.475297034,2.459527822,70.089,71.609,,,96.4571149,287,6.018005055,14.89361702,,0.18,1423132618,6.231,42.316
Bolivia,97.2,22.056,24.91402054,58.08000183,,2.651,7.88672,36629843805,3099.94219,-0.726455271,104.958083,12.48226444,,3.493585291,74.657,64.467,94,510495827.3,98.89563329,-4663,5.653597389,46.15384615,1116,3.59,2662435864,6.711,70.123
Bosnia and Herzegovina,100,8.611,29.02,82.73999786,38.36146594,1.359,23.3508,20226036564,6130.311332,-1.075703263,115.7878607,17.85749035,0.579684079,1.295802279,61.053,76.225,,167521865.9,105.7638198,-26840,20.24271754,26.19047619,5232,5.87,8525572339,19.726,49.02
Botswana,71.8,24.195,20.92662621,67.37276459,33.85871112,2.836,3.58604,14960291106,6323.314192,0.167879269,117.4136749,24.18786878,0.414028496,8.678912442,63.789,65.647,,499027479.5,150.3850531,-11330,3.890454072,10.76923077,617,7.27,4940893803,22.216,70.877
Brazil,99.7,13.078,55.37608719,66.66000366,38.48116103,1.649,17.4181,1.48E+12,7074.193783,-0.465709209,99.39497453,14.79332918,0.551497936,22.3840654,67.016,74.009,,19591209004,96.54706819,-78437,9.598664876,14.61988304,59092,7.7,3.52E+11,16.855,87.073
British Virgin Islands,100,7.448,,,,0.976,19.0925,,,,,,,,,75.849,,,113.7593012,888,8.325142388,,,,,,48.515
Brunei Darussalam,100,14.165,5.90841913,83.0430069,,1.796,15.8868,12005799664,26834.35925,1.383309364,89.80041308,50.88599471,0.626391351,,68.171,74.795,,436548223.4,121.4758051,462,5.613501012,9.090909091,,0.51,3721321940,7.673,78.25
Bulgaria,99.7,8.5,38.13,94.87999725,36.50476367,1.56,30.5043,70716821235,10198.53883,-0.214027837,97.47593769,20.68052553,0.613898158,0.988655607,72.296,73.65853659,,1119011540,113.849275,30167,21.6867893,26.66666667,21113,11.62,35377554379,14.127,75.686
Burkina Faso,18.5,36.085,38.38487625,,17.1792424,4.869,0.0650831,17725010533,825.2370388,-0.708106637,97.18604726,20.55645546,0.383691937,,52.713,59.731,,382464677.4,102.7626369,-5661,2.568841549,6.299212598,20252,11.27,,,30.607
Burundi,9.1,35.603,23.26885605,,17.67368864,5.177,0.0335261,2649680261,210.0081399,-1.302482963,117.6747069,10.64926035,0.386170626,,79.019,61.566,,67474092.72,54.26373457,-10189,2.435064781,38.21138211,75461,4.16,88492037.67,0.659,13.708
Cabo Verde,93.7,17.158,22.84387398,,30.8820649,1.908,4.82611,1821565618,3539.22662,0.199302867,127.806713,17.40956171,,6.178772484,59.289,74.808,,11279268.1,93.49323768,-3362,5.982655225,25,,6.01,674569597.4,,66.652
Cambodia,86.4,19.849,66.67436218,30.99681664,12.93758045,2.381,1.3977,34818073901,2081.739142,-0.450370342,101.1128001,35.76127011,0.491589874,,85.369,70.416,,621329326.8,128.6026166,0,5.438736906,20,,6.67,18563829561,0.22,24.232
Cameroon,64.3,35.507,71.84101105,,12.06029395,4.543,2.75682,40773241177,1555.603707,-0.931410909,103.2672935,13.34861877,0.397401512,4.537375241,66.498,60.833,78.23000336,393299390.1,84.36916915,-9888,2.776852366,33.88888889,436396,9.6,3961753887,,57.56
Canada,100,9.5,26.30343819,95.23906708,28.57147361,1.41,40.795,1.66E+12,43537.8393,1.598312855,102.199614,19.461889,0.797520101,2.003235529,77.724,81.6604878,,23082774049,85.40841921,256592,17.98540848,28.99408284,109214,9.89,90428136419,17.026,81.562
Cayman Islands,100,12.4,,,,,46.5902,5655358021,82338.79829,1.074959755,,,,4.456956938,,,,,148.5663349,810,7.447095051,,38,,216800000,,100
Central African Republic,15.4,42.175,50.50315857,,13.97330661,5.985,,2326720900,462.8790713,-1.72879374,126.8773,,0.291631907,,73.145,54.604,37.49000168,44348098.08,34.26900891,-24745,2.200620157,8.571428571,9083,1.75,432524260.9,,42.198
Chad,10.9,43.849,62.42750168,,,6.346,0,10715396042,622.0955434,-1.510737181,115.2980774,,0.299782783,,59.404,52.777,,322866526.5,52.19169152,36605,2.047733371,15.43209877,478649,2.91,390675163.1,,23.52
Channel Islands,100,10.01092845,,,,1.447,,9439810776,56785.94024,,,,,,71.99,81.264,,,,858,18.86600636,,,,,,30.963
Chile,100,11.834,43.7111969,83.05000305,26.24219288,1.537,19.4306,2.54E+11,13114.81547,0.705044687,95.52208308,19.08554868,0.651604176,4.797849279,63.254,79.377,,5246204733,129.8851806,26042,12.62681574,22.58064516,2053,7.56,39151178419,11.226,87.727
China,100,8.52,45.27583313,67.37000275,,1.281,33.907,1.47E+13,10408.71955,0.643971682,98.69712001,43.92641665,0.653102636,0.502270364,74.262,78.077,97,2.58E+11,120.5961882,-91577,12.64523761,24.94117647,303405,4.58,3.24E+12,,61.428
Colombia,99.7,14.435,28.71292496,58.84999847,36.55439348,1.737,15.3363,2.70E+11,5339.687114,0.008475319,107.0110198,14.43746022,0.604330301,24.24276338,68.244,74.769,96,9554131505,132.8719623,227130,8.464125443,18.34319527,957,4.24,58247760145,,81.425
Comoros,85.6,29.896,65.89321136,,,4.052,0.1481,1225039197,1527.16991,-1.643052816,122.3864304,9.941945187,0.404688299,,50.791,64.166,,,96.95013186,-1766,4.467730082,16.66666667,,0.23,293245492.9,,29.38
"Congo, Dem. Rep.",20.1,42.311,46.45769119,,9.078614921,6.206,0.032295,48716961860,507.5212301,-1.74490869,101.2818543,22.441779,0.366369277,,63.601,59.739,,362091615.5,43.93861689,-1633,3.086076218,12.8,490243,1.92,747655324.3,1.635,45.638
"Congo, Rep.",48.7,31.155,45.83368683,,17.79500138,4.234,,11468687464,1993.586672,-1.254402399,87.86853816,36.29299511,0.419265717,,67.743,63.785,,298382191.9,98.52300193,-4472,2.759174004,11.25827815,27097,6.05,1140500575,,67.829
Costa Rica,99.9,12.152,28.05780602,48.18999863,32.25344489,1.555,19.7191,62395610760,12394.0494,0.196500391,96.32689094,14.88460902,0.628635049,11.12606515,66.853,79.277,,0,146.6370492,1029,10.48509034,45.61403509,9593,3.4,7231533677,18.182,80.771
Cote d'Ivoire,69.9,34.197,49.698349,,16.03206832,4.472,0.903911,63027852805,2179.729348,-0.53914851,99.95569485,17.74787182,0.379889339,,66.358,59.032,,607155890,149.543339,-12390,2.496082587,11.37254902,2086,2.85,,,51.706
Croatia,100,8.9,18.22,92.28657532,45.54189634,1.48,26.0745,57963370885,14808.46202,0.424775809,106.9793908,22.59191333,0.709693968,0.976355239,67.236,77.72439024,,981389328.8,106.805903,-8552,21.66617602,31.12582781,956,7.65,23253815166,9.928,57.553
Cuba,99.9,9.344,8.92000866,,,1.5,2.07272,1.07E+11,9605.261251,-0.203988671,99.34626154,,,,61.847,77.567,,,58.95001353,-11976,15.63955025,53.2231405,222,5.38,,,77.194
Curacao,100,8.7,,90.34999847,,1.4,31.5937,2534327598,16356.09336,,,,,,,,,,89.81023625,992,14.92719627,,68,,,25.41,89.062
Cyprus,100,10.583,24.66,81.13999939,41.55276402,1.328,37.0625,25555093854,28649.01563,0.839448512,101.374211,10.96015851,0.755520225,1.212084972,76.712,81.391,,483415023.4,139.6351351,9653,13.61127589,19.64285714,13997,6.36,392004647.4,7.181,66.821
Czechia,100,10.3,12.55939102,99.84304047,37.64245534,1.74,36.4491,2.51E+11,23472.89155,0.910964906,93.25848384,24.08804101,0.752257407,0.731177856,76.198,78.17560976,,3252505062,123.4438209,4336,20.29397364,22.5,1919,11.99,1.66E+11,10.4,74.061
Denmark,100,10.4,15.24,95.06999969,39.56804165,1.68,44.4186,3.56E+11,60985.48856,1.840067387,94.35957299,29.98819132,0.755094826,0.944102117,78.921,81.60243902,,4887155963,124.4957422,10851,20.00081454,39.66480447,36643,9.49,68777153367,9.384,88.116
Djibouti,64.5,22.477,28.18092155,,,2.848,2.26685,3185150981,2881.999245,-0.761062145,91.58493649,12.46565637,,,32.476,62.694,,,39.81402662,1300,4.475073709,26.15384615,21193,0.38,686339280.9,,78.062
Dominica,100,13.301,29.02180862,,,1.597,27.0611,504214814.8,7461.779332,-0.126768589,,,0.54474932,20.83492489,,73.649,,,103.6294691,-225,12.1853403,34.375,,5.02,165824163.3,,71.09
Dominican Republic,100,18.78,33.54745483,65.95999908,21.39755982,2.303,9.37345,78844656298,7162.291752,-0.281447858,107.7022622,22.84941866,0.502766907,8.736630898,63.742,72.889,,599052525.4,81.72601454,-17957,6.809970659,27.89473684,162,6.5,10810213184,4.08,82.54
Ecuador,98.9,17.037,39.110466,53.04999924,34.03967577,2.051,13.5147,95865472000,5463.645096,-0.47050634,97.42218763,19.81383833,0.594254851,7.800509142,63.349,72.153,94,2356300000,88.04208636,-10320,7.561752665,39.41605839,104582,2.54,5235586638,,64.166
"Egypt, Arab Rep.",100,23.051,66.95245361,47.67607498,,2.96,8.53963,3.84E+11,3511.11381,-0.446171612,107.1807041,13.45339183,0.494374663,,44.021,70.99,,4505374644,88.73336258,6016,4.691181637,27.41116751,272826,0.13,34094946984,6.045,42.783
El Salvador,99.7,16.188,34.96681595,42.65000153,33.94460698,1.819,9.39905,24921190000,3997.192796,-0.261266619,117.4059505,18.29291125,0.546176612,21.31030232,60.396,71.061,90,343900000,158.1030557,-25213,7.709730109,33.33333333,48,3.15,2999443127,3.967,73.444
Equatorial Guinea,66.7,31.174,76.8955307,,12.25352792,4.346,0.107372,9893816008,5764.055029,-1.215559959,96.23698442,,,,59.321,60.708,,162373364.4,46.62018522,0,3.482877781,21,,6.56,60833004.02,,73.1
Eritrea,51.4,28.706,46.85018921,,,3.933,0.151917,,,-1.643217921,,,,,79.403,67.133,,,50.64867425,-14967,4.091003763,,201,1.07,,,41.347
Estonia,100,9.9,22.95885277,97.55000305,40.49923887,1.58,34.27,31820771494,23933.99394,1.299006701,101.087386,25.66434852,0.777203202,3.159215431,78.626,78.59512195,,718112390.3,144.8567221,3694,20.20009484,28.71287129,277,10.68,1981763949,13.567,69.229
Eswatini,80,24.615,24.28040886,,26.25315175,2.89,2.29004,4105756863,3442.321653,-0.75438714,,,0.372500807,,50.64,59.692,89.27999878,76795299.98,105.8184652,-4242,3.874851758,9.589041096,945,6.79,545564174.1,,24.171
Ethiopia,51.1,32.78,37.31850815,,8.412268515,4.243,0.178275,1.08E+11,905.3131758,-0.589582562,109.7517118,27.12910708,0.382784843,,70.678,65.371,,504066088.3,37.97222807,38866,3.069048909,38.75685558,800454,3.06,3046114359,,21.695
Faroe Islands,100,13.1,,,,2.3243,35.0714,3271813312,62236.08666,,101.3683911,,,,,82.89756098,,,112.9695698,548,17.68609814,,,,,,42.398
Fiji,97.1,19.628,29.35251427,,30.50380011,2.495,2.52054,4432466237,4844.42129,0.59055531,116.6844289,3.048826364,0.508573294,2.172916336,59.528,67.924,,71181004,107.7223274,-6008,5.987072701,19.60784314,14,3.58,1079921865,,57.247
Finland,100,8.4,18.66,89.14651489,41.53824026,1.37,33.3839,2.70E+11,48828.68469,1.901003957,99.64549658,26.33630017,0.796001017,1.645727943,78.079,81.93170732,,3868688020,128.7646479,17504,22.49068289,46,23428,9.08,10492037777,19.279,85.517
France,100,10.9,23.22595406,84.38515472,51.91018654,1.83,46.4712,2.65E+12,39169.8606,1.204251051,101.7244451,19.5283642,0.762737215,1.07320011,71.091,82.17560976,,52747064858,112.8271405,145593,20.7474409,39.51473137,436055,10.32,76114119268,14.005,80.975
French Polynesia,100,12.924,,,,1.705,22.9219,5792545871,20746.27204,,122.2011373,,,,60.273,82.217,,,110.9565448,-1443,9.206365124,,,,,,61.975
Gabon,91.1,27.695,33.50818634,,16.44537162,3.548,1.92061,15342236164,6605.803461,-0.991475403,74.91508901,,0.457612455,,49.802,66.531,,263471597.1,133.0177927,1506,3.993065348,14.78873239,467,8.14,,,90.092
"Gambia, The",62.2,33.719,27.2722187,26.04137039,,4.777,0.198749,1812170891,720.3351434,-0.786214232,129.0754046,26.88900898,0.421570629,,48.894,62.612,,14805015.93,104.038819,-1949,2.766231002,8.620689655,4378,0.61,387046403.6,,62.582
Georgia,100,12.966,55.32,97.81293488,29.00901806,1.971,25.512,16010869216,4300.857013,0.716738403,119.0895089,12.09325582,0.568925798,,68.843,72.765,,287864077.7,135.4280451,-2738,14.88748519,20.66666667,1780,14.41,3913274195,12.86,59.453
Germany,100,9.3,21.49774742,95.43000031,32.1608467,1.53,43.3049,3.94E+12,47379.76519,1.313688159,94.65488952,26.94358198,0.751162469,0.93844894,78.535,81.04146341,,53318705118,128.8867207,203468,21.84472812,31.17066291,1210596,11.84,63969346749,9.439,77.453
Ghana,85.4,28.038,38.31406784,,21.88355441,3.623,0.245771,70043099676,2196.547893,-0.196979344,103.5246577,21.0755192,0.450056404,1.724652192,65.939,64.114,80.37999725,239887164.3,125.7336966,-291,3.468706489,13.09090909,12406,4.26,7352692439,,57.349
Gibraltar,100,10.844,,,,1.855,58.0792,,,,,,,,,82.198,,,108.3465819,514,17.42459846,,,,,,100
Greece,100,7.9,45.87639236,69.86000061,58.06749426,1.39,39.7876,1.91E+11,17886.73317,0.402936995,107.3929274,4.597249911,0.690006495,0.741992757,66.197,81.28780488,,5773281660,108.5687131,6353,22.39343273,21.66666667,103101,5.81,5005971805,18.348,79.715
Greenland,100,14.8,,,,2.019,27.919,3082884653,54693.07668,0.766512632,110.7959363,,,,,71.85073171,,,117.7274837,-328,8.844586703,,,,,,87.282
Grenada,93.4,16.288,58.12962341,55.39766312,,2.023,27.4641,1043411111,8968.558901,0.002467415,,,0.56507051,11.32109038,,74.924,,,96.03519242,0,10.98580896,46.66666667,,7.33,293320432.2,11.321,36.537
Guam,100,16.363,,,,2.593,1.85005,5916000000,36482.9364,0.632649243,,,,,67.287,76.612,,,,-244,10.7712848,,,,,,94.938
Guatemala,96.6,21.816,60.73390579,,14.998015,2.484,3.52589,77719464221,4477.617618,-0.713372231,108.4535362,18.52588981,0.461270094,18.96016456,58.618,71.797,,342766481,117.4393951,-23927,4.545121309,19.375,442,1.54,18044494442,,51.836
Guinea,44.7,34.944,67.76779938,,,4.489,0.00747877,14088693743,1053.660977,-0.969097733,121.8256232,9.694793001,0.370942473,,53.164,59.327,,206992890.8,104.466802,-4365,3.444339966,16.66666667,6029,0.52,1245320957,,36.875
Guinea-Bissau,33.4,31.605,59.23788452,,,4.094,0.118366,1646400350,817.7803357,-1.465614915,112.3728823,20.64375361,,,61.957,59.999,,24165899.18,94.94153271,-1394,3.018941962,13.7254902,1846,3.73,,,44.196
Guyana,92.3,20.473,26.29045105,,,2.418,11.765,5471256595,6775.709391,-0.446742803,,,0.495226473,19.69387934,53.981,68.486,85.63835144,76541839.68,107.375546,-1743,6.001128199,35.71428571,23,5.04,680634183.7,,26.786
Haiti,46.3,23.936,56.85890961,,,2.869,0.275706,14508222518,1290.325387,-2.113319159,127.1744408,17.72185796,0.446564913,11.32061972,66.497,64.052,,15834887.07,64.73094691,-33850,4.434211491,,,3.11,2480148341,,57.088
Honduras,93.1,21.353,56.29788589,,24.39244929,2.394,3.92223,23352232484,2307.614943,-0.645809412,116.2505936,21.93966302,0.481023133,35.79415957,61.756,71.462,,341212465,68.76918576,-6199,3.994094454,21.09375,85,3.08,8096529091,,58.359
"Hong Kong SAR, China",100,5.8,,,,0.883,38.5246,3.45E+11,46109.22999,1.618365645,98.07074015,25.97107679,0.812756538,0.293295889,71.569,85.49634146,,,291.4989659,-1800,18.82526257,,245,,4.92E+11,7.219,100
Hungary,100,9.6,29.53,97.61000061,44.42728248,1.59,33.4922,1.57E+11,16131.95404,0.538535595,98.07250668,26.26517926,0.683087289,0.820464645,75.021,75.56829268,,2768372537,105.9697831,9147,20.09067377,12.06030151,5838,9.93,39433731713,10.918,71.942
Iceland,100,12.3,16.67,99.76999664,37.03409741,1.72,38.6826,21629953194,59023.56635,1.475929976,101.3557855,22.41650387,0.745281875,1.363627686,84.88,83.06341463,,0,114.9221778,2498,14.5643647,38.0952381,1460,7.94,6298662205,8.388,93.898
India,96.5,16.572,63.04,40.06999969,,2.051,1.63623,2.67E+12,1907.042516,0.374532461,101.6329651,28.67968211,0.493510902,2.911155454,54.374,70.15,,72937064048,82.621059,-73806,6.416853023,14.36464088,195373,4.1,5.49E+11,6.368,34.926
Indonesia,97,16.649,44.32585526,51.00999832,16.5400276,2.194,3.92994,1.06E+12,3853.702888,0.31706503,100.9330549,29.22460873,0.540038466,,69.644,68.808,96,9386956718,130.8110952,-18743,6.607905277,20.34782609,10114,0.074,1.31E+11,2.868,56.641
"Iran, Islamic Rep.",100,14.231,48.56869507,57.46705246,,1.708,10.9027,2.62E+11,2988.781224,-1.017594695,102.9499884,,0.593404472,,44.693,74.832,,3335715149,146.2076628,-180680,7.229355442,5.594405594,800025,0.51,,7.068,75.874
Iraq,100,27.732,54.66120529,,,3.551,14.8495,1.81E+11,4295.189451,-1.303391814,97.15042619,24.03147205,0.407643288,,41.501,69.123,,5649373637,88.05916556,29858,3.360395542,26.443769,270377,0.24,48562062658,,70.893
Ireland,100,11.2,21.96558952,89.12741852,25.09442648,1.63,30.4353,4.37E+11,87567.1149,1.435243845,79.80917228,35.96371097,0.792599022,0.66718977,71.883,82.55609756,,1144420381,105.8205231,15746,14.56214734,22.5,9035,10.77,7098062595,8.047,63.653
Isle of Man,100,8.605,,,,1.569,,6684225641,79513.53303,,,,,,,80.588,,,,219,21.85728646,,,,,,52.898
Israel,100,19.2,31.15,90.57061768,41.63299349,2.9,29.5678,4.12E+11,44679.77158,1.05196321,96.27261428,28.95086093,0.733995318,1.427349699,71.665,82.64878049,,21816569767,140.1086384,16573,12.05287706,27.5,1843,2.84,1.73E+11,7.01,92.587
Italy,100,6.8,24.07,78.62999725,50.29682723,1.24,30.2586,1.91E+12,32091.48666,0.360754579,96.48777353,21.17321086,0.727819681,0.47898694,64.086,82.19512195,,32929093811,130.3870472,85281,23.37923323,35.71428571,128033,6.97,61613808653,12.657,71.039
Jamaica,99.7,11.813,30.20898819,90.78475952,29.82962049,1.358,13.622,13812421803,4879.440246,0.528545618,,,0.534977913,47.26220472,68.42,71.869,,236865671.6,101.8728665,0,7.139125154,28.57142857,27,3.1,3938028781,3.245,56.311
Japan,100,6.8,15.14,98.20999908,23.59880787,1.33,34.8371,5.06E+12,40040.76551,1.547300577,100.2687436,28.16766715,0.804714262,0.253902837,79.842,84.56,,51396536059,155.7389638,42001,28.91817438,9.892473118,1132,6.38,1.34E+12,,91.782
Jordan,99.9,22.265,56.01600266,77.37999725,28.16522187,2.873,5.80333,43700383099,4022.040136,0.094962642,117.8221534,16.16375426,0.553174376,0.988221769,42.221,75.184,,2055915493,63.94061117,6745,3.899085408,11.53846154,3009472,0.23,,20.621,91.418
Kazakhstan,100,22.76,34.16,,16.83286427,3.13,13.4503,1.71E+11,8781.507978,0.105691098,94.5528544,26.23044455,0.628506422,3.192961911,79.325,71.37,99.80000305,1548175775,128.0024709,-8716,7.648791453,27.10280374,440,4.52,12056059796,,57.671
Kenya,71.5,27.998,33.4131546,54.59402847,19.99414618,3.397,1.29112,1.01E+11,1927.66459,-0.399473369,108.5686141,15.33090316,0.546752512,3.575977892,67.419,62.675,,1115321770,118.1263492,-17111,2.78922228,21.7765043,452916,2.47,8296128899,,27.995
Kiribati,91,27.645,2.83,84.96176147,75.21412153,3.333,0.14671,223123620.6,1769.432118,0.134626627,156.6657204,47.47486991,0.492592931,,,67.266,,,43.22257718,0,3.930245283,8.888888889,,0.72,,8.934,55.594
"Korea, Dem. People's Rep.",50.5,13.333,,83.08769226,,1.818,,,,-1.490295053,,,,,86.859,73.274,,,23.19515861,-1585,11.08864939,17.61280932,,3.87,,,62.381
"Korea, Rep.",100,5.3,40.16776276,83.08769226,29.72592853,0.837,43.0541,1.64E+12,31721.29891,1.370186806,96.31486399,36.22874636,0.798776269,0.59408205,67.886,83.42682927,,46117096575,136.0094467,112631,15.82216595,19,3443,7.79,4.37E+11,3.927,81.414
Kosovo,,11.181,,,,1.529,,7717145218,4310.888247,-0.3328982,132.2177086,26.58324815,0.567331731,2.214642558,,76.567,,78965006.27,,2815,8.721452401,,,,1095367617,32.949,
Kuwait,100,11.797,10.66788769,,,2.14,1.68058,1.11E+11,25236.07555,-0.195234433,94.58503939,22.95633395,0.562588036,0.252267859,70.419,76.92,96,6941042345,155.2673535,-168379,3.99581241,6.349206349,732,0,48117162094,,100
Kyrgyz Republic,99.9,24,45.99,,25.7763,3.1,4.33664,8270468614,1229.517757,-0.576322258,119.8285228,29.2597222,0.596617103,1.747343081,68.324,71.8,,131104408.7,132.4695239,54704,5.148751763,16.52173913,334,3.63,1791821350,,36.856
Lao PDR,99.3,22.449,43.8791275,,11.44771037,2.541,1.67211,18981805250,2583.777307,-0.73933655,,,0.456665337,,65.174,68.497,,,63.34796067,-10305,4.241518022,27.51677852,,10.82,1894600081,,36.29
Latvia,100,9.2,36.39,98.00244141,50.97938868,1.55,25.8042,33379927435,17564.23215,0.838092744,98.56471352,28.16089531,0.706581414,3.689935753,78.187,75.18536585,,742049470,108.1340417,-3147,20.67217096,30,637,12.87,4884944948,17.049,68.315
Lebanon,100,15.332,45.38058472,,14.94487076,2.103,7.57699,31712128254,5561.19167,-1.205427647,117.3846323,2.235463171,0.515125513,2.260316601,49.821,77.804,,431991051.5,75.72450204,-47787,9.123706301,4.6875,1349925,1.26,25000678887,,88.925
Lesotho,47.5,26.378,16.6175766,,43.28841484,3.049,0.226325,2053699870,918.5825774,-0.978631914,152.1999433,20.49538958,0.400392592,,58.997,54.693,,38618836.53,69.32469722,-3449,3.788880259,23.33333333,271,4.3,730280379.2,,29.028
Liberia,27.6,31.708,80.78565979,,,4.174,0.252454,3176126300,616.787867,-1.459123373,,,0.319014221,,76.976,60.948,,12901000,32.49086403,-10107,3.221355001,12.32876712,8213,2.86,340965880.5,,52.089
Libya,69.4,18.302,,,,2.507,4.7123,46854285441,6650.338106,-1.85938096,109.7894908,-0.301700259,,,51.843,72.472,,,174.6934374,-694,4.646472116,15.95744681,4149,0.012,72564803065,,80.691
Liechtenstein,100,9.1,,,,1.46,46.5602,6405870210,164671.0936,1.761576295,,,,2.580245639,,81.65853659,,,126.1404686,269,18.65504166,12,129,,,,14.416
Lithuania,100,9,30.74,95.52999878,39.04647658,1.48,28.4989,57412038533,20541.82499,1.014909744,90.92719456,22.7707287,0.706047952,3.581221846,78.533,74.97804878,,1174056765,130.2002612,19884,19.93415397,26.95035461,1880,12.1,4492883350,22.477,68.046
Luxembourg,100,10.2,11.4,89.1942749,42.82367594,1.36,37.2961,73699366700,116905.3704,1.792388916,66.03087641,21.45673643,0.68614614,0.475888702,72.112,82.14390244,,425168129.5,132.9505076,6967,14.58522638,30,5158,10.82,981025842,11.614,91.453
"Macao SAR, China",100,10.128,,,43.10093821,1.072,30.4509,25343525936,36976.25611,1.074959755,98.56473273,40.42942693,0.795671582,0.295734182,76.738,85.184,,,412.9927856,8842,11.31163657,,,,25144935000,,100
Madagascar,32,31.343,35.8677063,,11.79775222,3.918,0.110522,13051441204,450.7716152,-1.053035736,113.4178571,8.562250517,0.391991019,,85.718,65.182,,87357752.07,56.2228538,-1480,3.153564226,17.8807947,112,0.99,1980766598,,38.534
Malawi,11.5,33.233,22.23474312,12.71358013,16.49353946,3.995,0.0627371,11769313598,602.5074782,-0.818265617,,,0.413240641,,68.952,63.717,70.15226746,98863990.76,51.6315658,-2655,2.707650999,22.91666667,14892,3.61,594498493.6,0.703,17.427
Malaysia,100,15.417,46.68740082,85.04069519,18.47158514,1.818,9.91102,3.37E+11,9957.526267,1.022258878,93.6323107,23.82106148,0.61097616,0.762048353,69.332,75.938,,3374583532,131.6976181,101907,6.724906139,14.86486486,129902,0.74,1.05E+11,4.05,77.16
Maldives,100,14.576,18.31,,35.34612801,1.712,12.6833,3712604583,7393.888654,-0.091672421,117.8795037,-0.287436066,,,64.974,79.875,,,139.513022,9642,3.869704064,4.597701149,,1.49,984930745.3,,40.669
Mali,50.6,41.995,53.76226044,8,14.50112062,6.035,1.12281,17465392764,804.3439567,-1.186405301,106.5475937,15.1622104,0.318269581,,67.327,58.633,31,593865883.5,119.2779414,-14962,2.490598678,27.89115646,47380,5.32,,8.782,43.909
Malta,100,8.6,33.3,82.18000031,39.85021336,1.13,41.1094,16385919536,31796.82134,0.994064867,84.52059544,26.40983897,0.709248304,1.358279099,77.05,82.34878049,,86287472.93,122.8511054,6904,18.49976795,13.43283582,9168,7.11,919117709.4,5.961,94.744
Marshall Islands,98.3,20.006,6.60480118,,59.4431772,2.777,2.34159,241800000,5661.967873,0.113665514,152.2179487,15.12936505,0.423398137,,,64.977,,,36.85447091,-2004,3.704354138,6.060606061,,,,,77.794
Mauritania,45.4,33.427,48.91579819,,,4.455,0.401228,8260752385,1795.764596,-0.839177847,103.9639596,37.55243314,0.38154608,1.02253955,41.706,64.532,59.52965927,198530037.2,129.1269247,-1483,3.260113679,20.26143791,93607,0,1493184646,,55.327
Mauritius,99.5,10.6,48.4409523,71.03270721,31.68718607,1.44,25.1866,11408106446,9011.042884,0.853226721,108.4192892,8.075145006,0.621859252,2.696814484,63.806,74.17707317,,18478399.39,147.3924126,-5895,11.40117501,20,20,6.86,6535003556,8.908,40.76
Mexico,99.4,15.565,47.09709167,63.70000076,21.69807042,1.905,17.7521,1.12E+12,8841.27075,-0.270338684,98.58822371,22.19567116,0.612949848,29.18531406,60.241,70.133,95,8044880864,97.53972081,-147456,7.486079875,48.2,45434,4.79,1.92E+11,4.251,80.731
"Micronesia, Fed. Sts.",81.9,20.837,2.66157842,,23.48261006,2.754,5.4095,372000000,3353.88943,0.357185036,,,0.505966544,,,70.674,,,19.62428416,-680,5.033966993,0,,2.02,451912609,,22.933
Moldova,100,12.481,32.09,96.79000092,32.72227237,1.77,23.4269,11530746234,4375.778893,-0.533600271,123.4370491,16.11961473,0.584153533,3.014736225,71.839,70.166,,44533780.66,110.876909,-33405,14.29117884,24.75247525,405,11.08,3779071902,0.764,42.849
Monaco,100,,11.98282242,,,,54.8673,6730736283,176891.8865,2.028389215,,,,,,,,,96.10801148,999,36.46338419,33.33333333,22,,,,100
Mongolia,99.5,22.405,44.93967819,79.26000214,33.17899354,2.9,9.34756,13312981429,4001.251931,-0.419692069,98.66542169,16.3069665,0.614397526,6.222803692,65.343,72.141,99,102510120.1,132.467372,0,4.306357859,17.33333333,,7.68,4049334798,4.631,68.657
Montenegro,99.9,11.4,37.53,94.48339844,,1.75,30.2953,4769996866,7677.371321,-0.106665947,135.0126256,5.228699747,0.63318181,2.861469126,61.239,75.93170732,,82920323.72,171.7021595,-3310,16.64067705,22.22222222,166,,2134820420,33.683,67.488
Morocco,100,17.889,55.72185135,,27.21021231,2.353,5.74683,1.21E+11,3268.030273,-0.186065659,107.2555895,27.69585194,0.504116356,1.248338337,47.729,73.92,,4830956394,133.893994,-35474,6.97052127,20.50632911,6505,0.5,34653006799,,63.532
Mozambique,30.6,36.974,16.3225708,17.87000084,22.9049104,4.713,0.227393,14235420174,462.4338765,-0.810174465,134.3264014,13.55431313,0.362116665,,78.436,61.172,60,288258945.9,49.59621356,-25864,2.811069941,42.4,4757,1.89,3836111854,,37.074
Myanmar,70.4,17.363,79.21,76.08895874,,2.174,1.29925,79006113643,1490.216835,-1.016069651,,,0.477652013,2.940670081,64.405,66.797,,2498229138,147.0303762,-66213,6.507815682,16.82539683,,1.93,,1.161,31.141
Namibia,52.3,27.876,45.24013519,,40.31528871,3.349,2.88695,10583748542,3878.58983,0.05236204,109.5692495,16.77607576,0.446437538,12.17308439,59.06,62.829,,368224738.9,116.4327399,27056,3.575211685,43.26923077,3578,5.05,2171055563,,52.033
Nauru,100,28.364,2.77819777,,103.7257867,3.571,,124530027.3,10695.69933,0.142491281,,,0.508412123,,,63.437,,,81.20178644,-214,2.117151937,10.52631579,1074,2.79,,,100
Nepal,89.9,20.64,59.4,,20.16478293,2.055,4.38436,33433659301,1154.215176,-0.985120118,124.720924,32.81596837,0.504601777,,41.79,69.246,,434381673.5,130.203706,162139,6.088524551,32.72727273,19555,1.06,11076694632,,20.576
Netherlands,100,9.7,31.09,89.80999756,41.89632598,1.54,42.6667,9.33E+11,53467.92774,1.805217981,89.75017851,24.44090678,0.789915025,0.613723635,83.414,81.35853659,,13085717542,122.8307665,67598,19.37039523,33.33333333,95897,8.71,16733754575,6.941,92.236
New Caledonia,100,14.7,,,,2.05,19.3542,9454629468,33270.3306,,,,,,65.421,80.83495122,,,90.78117198,-1181,10.25471846,,,,,,71.518
New Zealand,100,11.32,22.12965965,82.02999878,36.40284824,1.61,34.813,2.13E+11,41785.69229,1.538743258,100.524403,20.27396636,0.775932431,,80.654,82.25609756,,2810182349,123.2134933,42124,15.62071798,48.33333333,1748,10.02,13733288689,6.75,86.699
Nicaragua,86,20.903,33.89159775,,16.47437147,2.349,4.42253,12681569254,1931.615158,-0.679674625,105.1185731,22.81023835,0.508098245,,66.866,71.795,,79343309.6,88.25160841,-10383,5.160696435,47.25274725,311,3.67,3211903362,,59.012
Niger,18.7,45.588,46.76221085,,,6.892,0.0505953,13744653103,579.5124958,-0.660878658,115.4868663,13.06263129,0.315685183,,72.893,61.451,,238269588.3,58.5157033,-4402,2.52637349,16.95906433,233293,0.13,,,16.626
Nigeria,55.4,37.467,75.44963837,,,5.309,0.0305206,4.32E+11,2019.657063,-1.143787026,,,0.360609829,,82.185,52.887,,2567917819,98.03255552,-14497,2.981311381,7.222222222,66056,3.78,36729565818,,51.958
North Macedonia,100,9.2,39.6,61.90000153,34.92417021,1.31,25.4041,12361036914,6659.596511,0.02825786,112.6982728,27.1155385,0.557349205,,64.132,74.39512195,,153537482.9,88.20817101,-23458,16.34633901,39.16666667,303,4.36,3707335438,21.848,58.482
Northern Mariana Islands,100,,,,,,,866000000,18220.83824,,,,,,,,,,,-755,6.187931325,,,,,,91.798
Norway,100,9.8,14.03,98.50940704,45.39095643,1.48,44.3863,3.68E+11,68340.0181,1.887772322,100.9332746,32.43626802,0.771051168,0.576225422,79.391,83.2097561,,7225183140,108.285471,11277,17.72818393,41.42011834,49653,7.38,75258813465,9.522,82.974
Oman,100,18.791,10.87692547,,,2.687,11.383,75909492848,16784.86306,0.104503602,97.76374575,10.85184944,0.608116269,0.308139381,67.483,74.757,,6095708713,140.0686492,-171635,2.607022471,2.325581395,308,0.51,15006140748,,86.276
Pakistan,94.5,27.967,58.48335648,,,3.555,1.03954,3.00E+11,1278.397352,-0.571128666,108.1191603,14.54158242,0.406070024,3.736849385,53.742,66.269,,10241024485,77.3005648,-559291,4.022657772,20.1754386,1438940,0.084,14591657230,,37.165
Palau,100,12.1,34.9499855,95.78204346,58.95359482,0.85,,258990843.8,14556.58969,0.385807753,163.908922,-7.310318765,0.588113487,,,,,,133.5410639,0,9.521133094,6.25,,,,1.475,80.988
Panama,95.3,17.919,45.49739838,,19.26891439,2.344,13.8347,57059846500,13290.56083,0.164647356,96.16224712,24.66360146,0.501601994,11.64307953,71.976,76.657,,0,142.2454753,5473,8.293416124,22.53521127,2562,4.66,9613847649,15.322,68.414
Papua New Guinea,20.5,25.996,10.42409325,,20.89591296,3.274,0.213942,23848447850,2429.611346,-0.830172777,,,0.429185003,,51.579,65.787,,93461981.57,49.41720925,10703,3.110558439,0,10781,1.13,2605186734,,13.345
Paraguay,99.7,20.946,46.14598846,52.47000122,18.4727987,2.497,8.51592,35432178068,5365.472207,-0.56520766,96.2189635,21.880765,0.528180063,7.267293628,73.485,73.182,95,364342200,118.8308269,-8226,6.150038172,16.25,1686,5.62,8704248622,,62.183
Peru,96.2,17.833,30.95219994,55.95999908,26.90654027,2.216,8.41187,2.01E+11,6133.325524,-0.294280052,98.22308091,19.88010414,0.605192661,5.71389864,72.345,73.665,94,2653592900,118.176464,55375,8.718075031,26.15384615,4272,6.45,72853559863,4.622,78.297
Philippines,96.4,22.039,54.06,65.77999878,19.56030292,2.777,7.08109,3.62E+11,3227.579102,0.067812383,107.7638817,24.81817336,0.515962124,,56.681,72.119,98,4693073497,133.3257005,-47014,4.725674311,27.96052632,709,5.66,98512083712,,47.408
Poland,100,9.4,28.04,86.51999664,40.50321024,1.39,21.9256,6.06E+11,15987.57537,0.324195117,94.39132019,21.22558893,0.753088593,0.692197,71.124,76.5,,13718291432,128.4226449,3920,18.07604682,28.69565217,2771,11.66,1.40E+11,4.445,60.043
Portugal,100,8.2,35.7,59.75,44.33374261,1.41,40.1215,2.30E+11,22299.40441,0.979601145,101.9966105,17.88326319,0.768949568,0.786545871,74.177,80.97560976,,3267981306,115.078977,54076,22.8627034,40,2405,8.88,6199281843,6.391,66.31
Puerto Rico,100,6,,,,0.922,20.4383,1.03E+11,31427.42911,-0.298273265,81.84181463,,,16.99492704,52.76,78.041,,,106.8204687,-7410,22.45383959,,,,,,93.581
Qatar,100,10.895,13.32335567,82.30194855,,1.816,10.5632,1.44E+11,51683.50544,0.867067635,91.78133836,41.78169755,0.637771606,0.434721968,87.983,79.099,,,137.6081235,-50433,1.247692513,9.756097561,201,1.05,37524561602,0.05,99.235
Romania,100,10.3,19.77,89.55999756,38.00297561,1.8,29.3141,2.52E+11,13082.30066,-0.286944449,104.3946623,19.18164713,0.584187865,1.445321693,64.141,74.25365854,,5052321471,116.1812357,-13202,19.0166657,21.88449848,3581,16.8,45888850182,7.623,54.194
Russian Federation,99.9,9.8,28.06,98.99833679,35.29981859,1.505,23.1557,1.49E+12,10108.32715,-0.111088738,94.92253718,25.76849815,0.681419611,7.345966383,74.117,71.33878049,,61712537169,163.5893357,334094,15.47214224,15.77777778,20260,10.53,4.57E+11,12.61,74.754
Rwanda,45.2,30.309,23.77607918,14.60159969,21.52992341,3.873,0.135353,10174387374,778.7015386,0.27377528,116.5360679,10.97275409,0.379552752,3.590347033,64.788,66.774,80.05085754,147873731.9,80.74026868,-22251,3.475701557,61.25,139491,2.87,1719668099,10.648,17.432
Samoa,100,27.622,11.51122093,,29.80083319,3.997,0.798324,868898358.3,4099.660091,0.545318902,120.0344691,33.2010117,0.548421681,,50.506,72.768,,,32.10362492,-2299,5.298333522,10,,2.35,277056415.2,,17.889
San Marino,100,6.4,10.25550842,84.86000061,47.44033686,,31.6374,1544714493,44426.64634,1.749241352,75.94577869,31.46881952,,,,,,,114.6822713,247,19.94909185,33.33333333,,,781674169.9,,97.499
Sao Tome and Principe,76.8,28.435,13.68980312,,,3.893,1.15529,471229484.6,2167.220018,-0.714003325,,,,,23.068,67.785,,,79.67535824,0,3.840006991,23.63636364,,4.79,75287733.68,,74.354
Saudi Arabia,100,18.238,21.7094574,71.26999664,33.43527547,2.465,25.4597,7.34E+11,23271.40376,0.113618113,99.90953388,24.21222801,0.576390505,,63.823,76.239,98,64558400000,120.052537,-74725,2.522581647,19.86754967,330,0,4.53E+11,2.803,84.287
Senegal,64.3,33.034,49.76930237,,20.94592269,4.454,1.05641,24530513038,1461.087204,-0.059842013,118.6457659,25.48925382,0.420110792,,51.6,68.006,,345637478.9,116.079391,33848,3.527465943,43.03030303,14361,0.38,,,48.122
Serbia,100,8.9,38.29056168,69.53462219,42.53765247,1.48,25.1835,55874017669,8098.709557,-0.042924359,108.1142856,20.4644619,0.676606357,1.141613871,67.36,74.47804878,,1267544241,120.2168595,-10220,21.57087512,38.8,26085,,14419194291,8.689,56.446
Seychelles,100,15.8,21.52684212,,44.23325651,2.29,29.0678,1382551752,14041.47541,0.678994,120.3899529,-3.578127126,0.632779062,8.528380555,,77.23658537,96.19999695,19413071.36,173.8823083,1726,7.577873656,24.24242424,,10.19,559681941.8,,57.546
Sierra Leone,26.3,31.914,53.46459198,,,4.08,0.00227486,6688594758,845.3138363,-1.063283443,110.8316975,10.55013913,0.362702101,2.137486405,54.319,59.763,,22374596.48,83.60731215,1292,3.14095012,12.32876712,342,0.29,707703898.1,,42.923
Singapore,100,8.5,40.08229828,80.45999908,25.72187236,1.1,26.8623,3.49E+11,61466.80368,2.284202814,67.0590941,40.9713276,0.879125714,0.169208474,74.58,83.54390244,97,9801649746,142.8931601,-145556,11.58494777,29.47368421,,1.81,3.62E+11,5.44,100
Sint Maarten (Dutch part),100,10,,,,1.591,,1236428101,30150.89984,,,,,,,74.584,,,,519,11.48204597,,,,,,100
Slovak Republic,100,10.4,19.73,99.03421783,42.11001219,1.59,31.1925,1.08E+11,19735.48583,0.502145827,98.93748642,18.78656919,0.664987326,1.154548081,72.444,76.86585366,,2047190243,133.5923247,4350,16.7640891,22.66666667,1006,10.67,7416683102,31.607,53.76
Slovenia,100,8.9,27.2,98.00589752,45.97048155,1.59,30.993,53384760135,25392.06511,1.12117362,91.0054086,28.16822565,0.774986982,0.519445931,74.794,80.53170732,,567650746.6,120.4592752,28514,20.12138871,27.77777778,823,10.41,1118218496,10.956,55.118
Solomon Islands,72.9,30.223,3.49704385,,31.9131436,4.038,0.134319,1536145814,2063.331015,-0.696980476,104.7570738,18.63403845,0.419872612,,84.81,70.199,,,68.57738104,1556,3.702763473,6.382978723,,1.45,660995997.3,,24.67
Somalia,49.9,44.007,,,0.000212714,6.417,0.714664,8628393720,518.1847785,-2.131613731,148.3825859,,,,34.601,55.967,,98156600,53.48002324,77259,2.537229996,24.36363636,11220,0,,,46.141
South Africa,90,20.326,36.88036346,78.29512024,37.8354162,2.401,2.15159,3.38E+11,5580.603831,0.046534523,95.60783479,14.30818361,0.425453395,33.96487358,58.311,65.252,,3231017731,163.1909795,369901,6.109488991,46.75,76729,7.13,47387358996,35.479,67.354
South Sudan,7.3,29.166,47.97896576,,,4.543,,,,-2.316320896,,,0.306520849,,74.106,55.48,,128916014.1,12.6718012,62935,2.693937365,28.45953003,314438,,183614816.7,,20.199
Spain,100,7.2,26.85536766,78.52999878,40.68360824,1.19,33.9528,1.29E+12,27230.35999,0.853928566,98.48407831,20.59012797,0.728255033,0.629172397,72.267,82.33170732,99,17431779323,117.4899328,236854,19.55961609,44,103624,9.16,64167574161,21.01,80.81
Sri Lanka,100,14.235,49.36,83.95999908,19.06917133,2,7.89622,84304298771,3846.174496,-0.079082653,106.1738356,31.35570239,0.598324299,,55.114,76.393,92,1486440861,136.9116134,-29875,10.71571085,5.381165919,1008,2.91,5256670224,3.656,18.713
St. Kitts and Nevis,100,12.418,46.18561935,,26.74946262,1.55,45.9569,883922222.2,18859.01904,0.632649243,,,0.586181641,20.98966259,,71.627,,,131.2392427,-202,9.435673138,25,,4.69,373502419.4,,30.843
St. Lucia,100,11.667,41.31826401,41.61001587,,1.411,19.9725,1499296296,8411.199418,0.307117879,,,0.602564752,29.0119479,58.257,73.416,,,81.41789921,0,8.70909198,16.66666667,,9.28,231361279,31.964,18.841
St. Martin (French part),100,15.768,,,,2.448,,,,,,,,,,80.149,,,,-2853,18.1432077,,,,,,
St. Vincent and the Grenadines,100,13.071,29.69391251,,,1.814,23.8906,869111111.1,8395.099889,0.307117879,,,0.533341825,31.53895778,71.465,72.126,,,95.91903051,-493,10.77748585,18.18181818,,5.62,205195146.8,,53.032
Sudan,59.7,34.226,58.92655563,,,4.542,0.0615142,27034593750,577.7952271,-1.538864851,99.70451968,4.650273517,0.377445191,,39.592,65.614,,934311153.8,79.19626937,-65933,2.989897398,,1040288,0.01,,,35.253
Suriname,98.4,18.279,34.95806503,,,2.371,15.069,2911807496,4755.392217,-0.57881397,,,,9.059985339,58.921,72.561,,,148.145421,-296,6.983561606,29.41176471,19,5.93,495997605.1,,66.149
Sweden,100,10.9,13.82,96.47302246,34.87910124,1.67,40.368,5.45E+11,52653.75659,1.670026779,95.81089581,30.02841158,0.795357108,1.195875829,82.519,82.35609756,,6271285838,123.3665446,37302,20.0599854,46.99140401,248372,9.57,50616518459,24.612,87.977
Switzerland,100,9.9,64.0903244,96.87677002,20.04319548,1.46,46.4814,7.42E+11,85897.78433,1.97202301,93.59486368,30.37698981,0.756115139,0.544068822,84.088,83,,5731416400,127.4054064,55523,18.75153889,41.5,115798,10.07,1.02E+12,8.266,73.915
Syrian Arab Republic,89,19.67,,,,2.798,7.35459,12047752036,572.3552898,-1.754257798,,,,,39.565,72.14,,,80.20304156,269050,4.547596042,11.2,584034,0.092,,,55.475
Tajikistan,99.5,27.53,65.28,,,3.237,0.0615428,8133963551,834.3117155,-0.759225845,122.6401678,36.0648186,0.504116356,0.911643224,41.967,67.994,,77497565.73,121.3847714,-3564,3.260066443,23.80952381,5578,0.74,1394586288,,27.506
Tanzania,39.9,36.651,30.25230789,1.645413041,14.2926516,4.795,1.86248,66068737786,1117.415283,-0.739272416,101.0062507,36.4334818,0.389834702,3.70475303,81.55,66.408,,676410078.5,83.00888599,-18587,3.018990559,36.71875,234645,10.95,,0.574,35.227
Thailand,100,9.182,29.55669212,49.1190033,22.83135746,1.341,16.0218,5.00E+11,6985.643939,0.201812536,94.59787255,28.1509141,0.609310985,,74.547,79.274,,7295669543,162.7043297,32277,12.89798529,15.74642127,96179,7.99,2.49E+11,0.886,51.43
Timor-Leste,96,25.258,6.68426275,,52.18607346,3.247,0.00625918,2162619200,1630.869354,-0.755884349,111.4178816,20.36837515,0.45431453,,65.954,68.475,69.90000153,38456000,105.9938692,3793,5.535636383,38.46153846,,0.17,656523631.7,,31.32
Togo,54.1,32.302,70.16882324,,14.40350597,4.323,0.607932,7400284168,853.5782203,-0.730156839,109.0217162,21.05042052,0.431868047,,58.346,61.035,,163926877.2,77.18623928,-986,3.036689591,18.68131868,10798,1.44,,,42.8
Tonga,99.9,23.139,8.26616287,,32.10631209,3.267,4.73019,496856295.8,4700.449328,0.276987463,131.7079516,30.33212042,0.531120658,,55.369,70.928,,,58.90512475,-1807,6.335173386,7.407407407,,0.36,298947629.8,,23.099
Trinidad and Tobago,100,11.946,54.40823364,71.83161926,,1.631,25.4399,20807716174,15224.50835,0.173967272,,,0.60348773,26.28203988,66.281,74.406,,170175114.5,130.9488475,427,10.44416243,26.19047619,3179,6.03,6835740984,5.08,53.214
Tunisia,99.9,16.628,38.42872238,,,2.114,11.1468,42491780918,3548.653637,-0.186425105,108.4667131,5.566149069,0.51680994,4.62105575,51.898,75.292,,1157372367,122.1279008,-19188,8.281775341,24.88479263,2580,1.71,9394588875,,69.568
Turkiye,100,15.033,21.15,41.38952255,34.06824505,1.917,19.4384,7.20E+11,8638.739038,-0.158797756,103.1021754,27.07328784,0.649261832,2.505484387,54.506,75.85,,17478413685,97.61417509,37934,8.963864417,17.31748727,3652362,1.69,49958256077,12.564,76.105
Turkmenistan,100,22.294,82.09459686,,,2.701,3.40423,45818000000,6592.60146,-1.023769975,,,,,48.881,68.687,,,98.62952004,19913,3.797724345,25,20,2.62,,,52.516
Turks and Caicos Islands,99.4,12.685,,,,1.679,,774653669.3,17452.6578,,,,,,,75.001,,,,682,10.07761544,,8,,,,93.605
Tuvalu,99.4,23.632,2.9424789,,,3.188,,51746594.31,4976.112541,-0.433251232,,,0.447577119,,,64.382,,,81.30815792,-355,5.726236838,6.25,,1.26,,,64.014
Uganda,42.1,37.252,38.09126282,,13.67172908,4.693,0.0778188,37600368242,845.7664639,-0.616496086,104.989538,21.80970432,0.384176582,10.04400196,79.419,62.851,,984759731.7,62.35610757,43464,2.06185945,34.8583878,1421133,11.3,,,24.954
Ukraine,100,7.8,50.71,,37.20920478,1.217,18.617,1.57E+11,3709.769287,-0.410091132,101.5131598,12.21956043,0.631387115,3.867030054,67.084,71.18512195,,6838766421,129.3411657,-4167,17.09632502,20.80378251,2249,9.24,27549017200,11.822,69.608
United Arab Emirates,100,10.62,39.01390076,,5.259171647,1.46,34.3453,3.49E+11,37173.87541,1.285266876,84.82023455,,0.673011899,0.699881311,79.67,78.946,,,197.8438703,92541,1.564090857,50,1315,2.08,1.03E+11,,87.048
United Kingdom,100,10.1,16.28620911,99.80000305,48.01248974,1.56,40.5775,2.70E+12,40201.68124,1.332154155,99.44154608,14.69204553,0.782942951,1.003586756,77.656,80.35121951,,58332371795,117.8163133,144221,18.60579533,33.84615385,132304,10.73,1.61E+11,6.445,83.903
United States,100,10.9,42.99185181,96.55000305,31.6489312,1.6415,35.7157,2.14E+13,64411.37318,1.274593234,102.9324666,18.38678324,0.701764345,6.420751134,71.872,76.9804878,,7.78E+11,104.9353748,329769,16.07191194,27.46478873,340846,9.9,1.34E+11,11.724,82.664
Uruguay,100,10.339,28.38340378,,34.62017757,1.477,31.2948,53668636568,15789.68574,0.73021096,95.57608574,15.60116655,0.598760247,9.856852547,72.897,78.43,,1091535360,132.7256301,-1482,15.32584302,21.21212121,664,5.61,16244164853,,95.515
Uzbekistan,100,24.6,53.79,,19.04572195,2.904,15.807,66443265418,1978.280519,-0.615506291,116.6406781,28.58886816,0.622805715,1.339232858,59.89,70.331,,,99.58344787,-9208,5.308654653,32,13,2.1,14687252839,,50.416
Vanuatu,67.3,29.939,11.85667706,43.18178177,34.03958867,3.778,0.931881,909421043.5,3042.987116,-0.38405177,131.5699187,43.51237957,0.454658538,0.320836742,59.723,70.299,,,79.00027271,-201,4.059613496,0,,2.04,613636752.1,3.638,25.525
"Venezuela, RB",99.9,16.213,62.59889603,,,2.23,9.00606,,,-1.889375687,,,,29.42740101,55.943,71.095,,2591576.733,58.06789032,-524649,8.265059747,22.15568862,68089,1.99,,,88.279
Viet Nam,99.8,15.4,57.4060173,57.47973633,,1.955,17.0263,3.47E+11,3534.039535,0.193557769,97.36157666,33.0073259,0.689964533,,80.059,75.378,,,143.7522156,-6457,7.56724482,26.72064777,,8.04,94833616150,1.405,37.34
Virgin Islands (U.S.),100,12.1,,,,2.03,,4229000000,39787.37417,0.632649243,,,,,64.356,79.8195122,,,79.64795603,0,21.19170187,,,,,,95.939
West Bank and Gaza,100,28.8,,67.93000031,29.23456717,3.57,7.43459,15531700000,3233.568638,-0.677145183,136.4512578,12.17484654,0.579996645,0.956289311,42.973,74.403,98,,79.63152961,-12369,3.575394718,,2348243,,697074683.3,24.317,76.719
"Yemen, Rep.",73.9,31.252,,,,3.886,1.08206,,559.5646728,-2.362375498,,,0.372784406,,33.398,64.65,,,47.01393376,-97982,2.546604334,0.332225914,166906,0.044,969612981.6,,37.908
Zambia,44.6,34.953,10.01547432,59.26353455,25.37223441,4.379,0.431897,18137764931,951.6443167,-0.824682415,84.24269059,46.41564568,0.396927536,,61.184,62.38,87.5,212142427.4,100.932458,8156,1.808276181,16.76646707,66070,3.62,1203448374,4.627,44.629
Zimbabwe,52.7,31.009,22.23332405,,,3.545,1.31038,26867936445,1730.413489,-1.342368126,102.7272395,15.09726784,0.466893107,4.977770426,66.054,61.124,,242179591.8,84.1862743,-89440,3.581673817,31.85185185,9261,2.67,31937527.41,,32.242
